<?xml version="1.0" encoding="UTF-8"?><?mso-infoPathSolution productVersion="14.0.0" PIVersion="1.0.0.0" href="file:///D:\OneScript\Utility\PowerShell-MAML-Help.xsn" name="urn:schemas-microsoft-com:office:infopath:PowerShell-MAML-Help:" solutionVersion="1.0.0.115" ?><?mso-application progid="InfoPath.Document" versionProgid="InfoPath.Document.3"?><helpItems schema="maml" xmlns:xsi="http://www.w3.org/2001/XMLSchema-instance" xmlns:dev="http://schemas.microsoft.com/maml/dev/2004/10" xmlns:command="http://schemas.microsoft.com/maml/dev/command/2004/10" xmlns:maml="http://schemas.microsoft.com/maml/2004/10" xmlns:my="http://schemas.microsoft.com/office/infopath/2003/myXSD/2012-06-29T08:30:30" xmlns:xd="http://schemas.microsoft.com/office/infopath/2003" xml:lang="en-us">
	<command:command>
		<command:details>
			<command:name>Import-OSCLyncContacts</command:name>
			<maml:description>
				<maml:para>Imports distribution groups and custom groups for current Lync client.</maml:para>
			</maml:description>
			<maml:copyright>
				<maml:para></maml:para>
			</maml:copyright>
			<command:verb>Import</command:verb>
			<command:noun>OSCLyncContacts</command:noun>
			<dev:version></dev:version>
		</command:details>
		<maml:description>
			<maml:para>Import-OSCLyncContacts is an advanced function which can be used to import distribution and custom groups for current Lync client. Microsoft Lync 2010 SDK Runtime must be installed before running this function.</maml:para>
		</maml:description>
		<command:syntax>
			<command:syntaxItem>
				<maml:name>Import-OSCLyncContacts</maml:name>
				<command:parameter globbing="false" variableLength="false" position="1" required="true" pipelineInput="false">
					<maml:name>FilePath</maml:name>
					<maml:description>
						<maml:para>Indicates the .CSV file which contains group name, group type and contacts, column headers must be "GroupName","GroupType","Contacts"</maml:para>
					</maml:description>
					<command:parameterValue required="true" variableLength="false">string</command:parameterValue>
				</command:parameter>
			<command:parameter globbing="false" variableLength="false" position="2" required="false" pipelineInput="false">
									<maml:name>SigninTimeout</maml:name>
									<maml:description>
										<maml:para>Indicates how long the function sleeps in seconds before signing in to Lync client. Default value is 10 seconds.</maml:para>
									</maml:description>
									<command:parameterValue required="true" variableLength="false">int</command:parameterValue>
								</command:parameter></command:syntaxItem>
		</command:syntax>
		<command:parameters>
			<command:parameter globbing="false" variableLength="false" position="1" required="true" pipelineInput="false">
				<maml:name>FilePath</maml:name>
				<maml:description>
					<maml:para>Indicates the .CSV file which contains group name, group type and contacts, column headers must be "GroupName","GroupType","Contacts"</maml:para>
				</maml:description>
				<command:parameterValue required="true" variableLength="false">string</command:parameterValue>
				<dev:type>
					<maml:name>string</maml:name>
					<maml:uri></maml:uri>
					<maml:description>
						<maml:para></maml:para>
					</maml:description>
				</dev:type>
				<dev:defaultValue></dev:defaultValue>
			</command:parameter>
		<command:parameter globbing="false" variableLength="false" position="2" required="true" pipelineInput="false">
									<maml:name>SigninTimeout</maml:name>
									<maml:description>
										<maml:para>Indicates how long the function sleeps in seconds before signing in to Lync client. Default value is 10 seconds.</maml:para>
									</maml:description>
									<command:parameterValue required="true" variableLength="false">int</command:parameterValue>
									<dev:type>
										<maml:name>int</maml:name>
										<maml:uri></maml:uri>
										<maml:description>
											<maml:para></maml:para>
										</maml:description>
									</dev:type>
									<dev:defaultValue>10</dev:defaultValue>
								</command:parameter></command:parameters>
		<command:inputTypes>
			<command:inputType>
				<dev:type>
					<maml:name>None</maml:name>
					<maml:uri></maml:uri>
					<maml:description></maml:description>
				</dev:type>
				<maml:description>
					<maml:para></maml:para>
				</maml:description>
			</command:inputType>
		</command:inputTypes>
		<command:returnValues>
			<command:returnValue>
				<dev:type>
					<maml:name>None</maml:name>
					<maml:uri></maml:uri>
					<maml:description></maml:description>
				</dev:type>
				<maml:description>
					<maml:para></maml:para>
				</maml:description>
			</command:returnValue>
		</command:returnValues>
		<command:terminatingErrors></command:terminatingErrors>
		<command:nonTerminatingErrors></command:nonTerminatingErrors>
		<maml:alertSet>
			<maml:title>None</maml:title>
			<maml:alert>
				<maml:para></maml:para>
			</maml:alert>
			<maml:alert>
				<maml:para></maml:para>
			</maml:alert>
		</maml:alertSet>
		<command:examples>
			<command:example>
				<maml:title>-------------------------- EXAMPLE 1 --------------------------</maml:title>
				<maml:introduction>
					<maml:para>PS C:\&gt;</maml:para>
				</maml:introduction>
				<dev:code>Import-OSCLyncContacts -FilePath c:\Scripts\042\contacts.csv -Verbose</dev:code>
				<dev:remarks>
					<maml:para>Description</maml:para>
					<maml:para>-----------</maml:para>
					<maml:para>Import custom groups and distribution groups for current user.</maml:para>
					<maml:para></maml:para>
					<maml:para></maml:para>
					<maml:para></maml:para>
				</dev:remarks>
				<command:commandLines>
					<command:commandLine>
						<command:commandText></command:commandText>
					</command:commandLine>
				</command:commandLines>
			</command:example>
		<command:example>
										<maml:title>-------------------------- EXAMPLE 2 --------------------------</maml:title>
										<maml:introduction>
											<maml:para>PS C:\&gt;</maml:para>
										</maml:introduction>
										<dev:code>Import-OSCLyncContacts -FilePath c:\Scripts\042\contacts.xml -SigninTimeout 20 -Verbose</dev:code>
										<dev:remarks>
											<maml:para>Description</maml:para>
											<maml:para>-----------</maml:para>
											<maml:para>Import custom groups and distribution groups for current user.</maml:para>
											<maml:para>Change sign in time out to 20 seconds.</maml:para>
											<maml:para></maml:para>
											<maml:para></maml:para>
										</dev:remarks>
										<command:commandLines>
											<command:commandLine>
												<command:commandText></command:commandText>
											</command:commandLine>
										</command:commandLines>
									</command:example></command:examples>
		<maml:relatedLinks>
			<maml:navigationLink>
				<maml:linkText>Windows PowerShell Advanced Function</maml:linkText>
				<maml:uri></maml:uri>
			</maml:navigationLink>
		<maml:navigationLink>
									<maml:linkText>PowerShell Scripting Lync 2010 SDK Using Lync Model API</maml:linkText>
									<maml:uri></maml:uri>
								</maml:navigationLink></maml:relatedLinks>
	</command:command>
</helpItems>