<?xml version="1.0" encoding="UTF-8"?>
<helpItems xmlns="http://msh" schema="maml">
  <command:command xmlns:dev="http://schemas.microsoft.com/maml/dev/2004/10" xmlns:command="http://schemas.microsoft.com/maml/dev/command/2004/10" xmlns:maml="http://schemas.microsoft.com/maml/2004/10">
    <command:details>
      <command:name>Out-OSCLyncContacts</command:name>
      <maml:description>
        <maml:para>Outputs distribution groups and custom groups based on user input. It will not export the contacts in current user's contact list.</maml:para>
      </maml:description>
      <maml:copyright>
        <maml:para></maml:para>
      </maml:copyright>
      <command:verb>Out</command:verb>
      <command:noun>OSCLyncContacts</command:noun>
      <dev:version></dev:version>
    </command:details>
    <maml:description>
      <maml:para>Outputs distribution groups and custom groups based on user input. It will not export the contacts in current user's contact list.</maml:para>
    </maml:description>
    <command:syntax>
      <command:syntaxItem>
        <maml:name>Out-OSCLyncContacts</maml:name>
        <command:parameter globbing="false" variableLength="false" position="1" required="true" pipelineInput="false">
          <maml:name>FilePath</maml:name>
          <maml:description>
            <maml:para>Specifies the path to the CSV or xml output file. The parameter is required.</maml:para>
          </maml:description>
          <command:parameterValue required="true" variableLength="false">string</command:parameterValue>
        </command:parameter>
        <command:parameter globbing="false" variableLength="false" position="2" required="true" pipelineInput="false">
          <maml:name>DistributionGroup</maml:name>
          <maml:description>
            <maml:para>Indicates the alias of distribution groups, in the form "sales","marketing".</maml:para>
          </maml:description>
          <command:parameterValue required="true" variableLength="false">string[]</command:parameterValue>
        </command:parameter>
        <command:parameter globbing="false" variableLength="false" position="3" required="false" pipelineInput="false">
          <maml:name>CustomGroupContact</maml:name>
          <maml:description>
            <maml:para>Indicates the relationship between custom group name and contacts, in the form @{"CustomGroupName01"="ContactAlias01;ContactAlias02";"CustomGroupName02"="ContactAlias01;ContactAlias02"}</maml:para>
          </maml:description>
          <command:parameterValue required="true" variableLength="false">hashtable</command:parameterValue>
        </command:parameter>
        <command:parameter globbing="false" variableLength="false" position="4" required="false" pipelineInput="false">
          <maml:name>Overwrite</maml:name>
          <maml:description>
            <maml:para>Indicates the action if a custom group exists. If you choose to use this parameter, the contacts of existing custom groups will be cleared at first. Then a list of new contacts will be added. Otherwise, only new contacts will be added to the custom group.</maml:para>
          </maml:description>
          <command:parameterValue required="true" variableLength="false">switch</command:parameterValue>
        </command:parameter>
        <command:parameter globbing="false" variableLength="false" position="5" required="false" pipelineInput="false">
          <maml:name>SigninTimeout</maml:name>
          <maml:description>
            <maml:para>Indicates how long this function sleeps in seconds before signing in to Lync client. Default value is 10 seconds.</maml:para>
          </maml:description>
          <command:parameterValue required="true" variableLength="false">int</command:parameterValue>
        </command:parameter>
      </command:syntaxItem>
    </command:syntax>
    <command:parameters>
      <command:parameter globbing="false" variableLength="false" position="1" required="true" pipelineInput="false">
        <maml:name>FilePath</maml:name>
        <maml:description>
          <maml:para>Specifies the path to the CSV or xml output file. The parameter is required.</maml:para>
        </maml:description>
        <command:parameterValue required="true" variableLength="false">string</command:parameterValue>
        <dev:type>
          <maml:name>string</maml:name>
          <maml:uri></maml:uri>
          <maml:description>
            <maml:para></maml:para>
          </maml:description>
        </dev:type>
        <dev:defaultValue></dev:defaultValue>
      </command:parameter>
      <command:parameter globbing="false" variableLength="false" position="2" required="true" pipelineInput="false">
        <maml:name>DistributionGroup</maml:name>
        <maml:description>
          <maml:para>Indicates the alias of distribution groups, in the form "sales","marketing".</maml:para>
        </maml:description>
        <command:parameterValue required="true" variableLength="false">string[]</command:parameterValue>
        <dev:type>
          <maml:name>string[]</maml:name>
          <maml:uri></maml:uri>
          <maml:description>
            <maml:para></maml:para>
          </maml:description>
        </dev:type>
        <dev:defaultValue></dev:defaultValue>
      </command:parameter>
      <command:parameter globbing="false" variableLength="false" position="3" required="false" pipelineInput="false">
        <maml:name>CustomGroupContact</maml:name>
        <maml:description>
          <maml:para>Indicates the relationship between custom group name and contacts, in the form @{"CustomGroupName01"="ContactAlias01;ContactAlias02";"CustomGroupName02"="ContactAlias01;ContactAlias02"}</maml:para>
        </maml:description>
        <command:parameterValue required="true" variableLength="false">hashtable</command:parameterValue>
        <dev:type>
          <maml:name>hashtable</maml:name>
          <maml:uri></maml:uri>
          <maml:description>
            <maml:para></maml:para>
          </maml:description>
        </dev:type>
        <dev:defaultValue></dev:defaultValue>
      </command:parameter>
      <command:parameter globbing="false" variableLength="false" position="4" required="false" pipelineInput="false">
        <maml:name>Overwrite</maml:name>
        <maml:description>
          <maml:para>Indicates the action if a custom group exists. If you choose to use this parameter, the contacts of existing custom groups will be cleared at first. Then a list of new contacts will be added. Otherwise, only new contacts will be added to the custom group.</maml:para>
        </maml:description>
        <command:parameterValue required="true" variableLength="false">switch</command:parameterValue>
        <dev:type>
          <maml:name>switch</maml:name>
          <maml:uri></maml:uri>
          <maml:description>
            <maml:para></maml:para>
          </maml:description>
        </dev:type>
        <dev:defaultValue></dev:defaultValue>
      </command:parameter>
      <command:parameter globbing="false" variableLength="false" position="5" required="true" pipelineInput="false">
        <maml:name>SigninTimeout</maml:name>
        <maml:description>
          <maml:para>Indicates how long this function sleeps in seconds before signing in to Lync client. Default value is 10 seconds.</maml:para>
        </maml:description>
        <command:parameterValue required="true" variableLength="false">int</command:parameterValue>
        <dev:type>
          <maml:name>int</maml:name>
          <maml:uri></maml:uri>
          <maml:description>
            <maml:para></maml:para>
          </maml:description>
        </dev:type>
        <dev:defaultValue>10</dev:defaultValue>
      </command:parameter>
    </command:parameters>
    <command:inputTypes>
      <command:inputType>
        <dev:type>
          <maml:name>None</maml:name>
          <maml:uri></maml:uri>
          <maml:description></maml:description>
        </dev:type>
        <maml:description>
          <maml:para></maml:para>
        </maml:description>
      </command:inputType>
    </command:inputTypes>
    <command:returnValues>
      <command:returnValue>
        <dev:type>
          <maml:name>System.String</maml:name>
          <maml:uri></maml:uri>
          <maml:description></maml:description>
        </dev:type>
        <maml:description>
          <maml:para>The text is sent to the file designated in the FilePath parameter</maml:para>
        </maml:description>
      </command:returnValue>
    </command:returnValues>
    <command:terminatingErrors></command:terminatingErrors>
    <command:nonTerminatingErrors></command:nonTerminatingErrors>
    <maml:alertSet>
      <maml:title>Note</maml:title>
      <maml:alert>
        <maml:para></maml:para>
      </maml:alert>
      <maml:alert>
        <maml:para></maml:para>
      </maml:alert>
    </maml:alertSet>
    <command:examples>
      <command:example>
        <maml:title>-------------------------- EXAMPLE 1 --------------------------</maml:title>
        <maml:introduction>
          <maml:para>PS C:\&gt;</maml:para>
        </maml:introduction>
        <dev:code>Out-OSCLyncContacts -FilePath C:\scripts\042\contacts.csv -DistributionGroup "sales","marketing" -CustomGroupContact @{"Custom Group 01"="lauran;guyg"} -Overwrite -Verbose</dev:code>
        <dev:remarks>
          <maml:para>Description</maml:para>
          <maml:para>-----------</maml:para>
          <maml:para>Prepare a .csv file for import. One custom group and one distribution group will be exported.</maml:para>
          <maml:para>If the target custom group exists, all the contacts will be removed before adding new contacts.</maml:para>
          <maml:para></maml:para>
          <maml:para></maml:para>
        </dev:remarks>
        <command:commandLines>
          <command:commandLine>
            <command:commandText></command:commandText>
          </command:commandLine>
        </command:commandLines>
      </command:example>
      <command:example>
        <maml:title>-------------------------- EXAMPLE 2 --------------------------</maml:title>
        <maml:introduction>
          <maml:para>PS C:\&gt;</maml:para>
        </maml:introduction>
        <dev:code>Out-OSCLyncContacts -FilePath C:\scripts\042\contacts.xml -DistributionGroup "sales","marketing" -CustomGroupContact @{"Custom Group 01"="lauran;guyg"} -Verbose</dev:code>
        <dev:remarks>
          <maml:para>Description</maml:para>
          <maml:para>-----------</maml:para>
          <maml:para>Prepare an .xml file for import. One custom group and one distribution group will be exported.</maml:para>
          <maml:para>If the target custom group exists, only new contacts will be added.</maml:para>
          <maml:para></maml:para>
          <maml:para></maml:para>
        </dev:remarks>
        <command:commandLines>
          <command:commandLine>
            <command:commandText></command:commandText>
          </command:commandLine>
        </command:commandLines>
      </command:example>
    </command:examples>
    <maml:relatedLinks>
      <maml:navigationLink>
        <maml:linkText>Windows PowerShell Advanced Function</maml:linkText>
        <maml:uri></maml:uri>
      </maml:navigationLink>
      <maml:navigationLink>
        <maml:linkText>PowerShell Scripting Lync 2010 SDK</maml:linkText>
        <maml:uri></maml:uri>
      </maml:navigationLink>
    </maml:relatedLinks>
  </command:command>
</helpItems>